nomor_registrasi,jenis_kelamin,status_perkawinan,alamat_kota,jenis_pinjaman,tujuan_penggunaan,jenis_jaminan,sandi_pengikatan,Restruktur,jenis_pekerjaan,jenis_usaha,Lama Menikah,Riwayat Slik,Penilaian Rekening Koran,kualitas_kredit,gaji(Penghasilan),pendidikan,usia,tenor,jumlah_Pengajuan,jumlah_tanggungan,plafon,Nilai Pasar Agunan,LTV,Collateral Coverage,DBR
26,0,0,17,13,1,5,2,1,4,0,2,3,2,5,1,1,26,60,1,1,90000000.0,369300000.0,0.2437043054427295,4.1033333333333335,65.02
38,0,4,17,13,1,5,2,0,34,0,1,0,2,5,1,1,42,36,1,2,40000000.0,308000000.0,0.12987012987012986,7.7,44.56
408,0,4,21,13,1,5,2,1,186,0,1,1,2,5,1,1,44,60,1,5,30000000.0,359568000.0,0.08343345347750634,11.9856,28.2
5,0,4,15,13,1,3,3,0,200,0,0,0,2,5,1,1,36,36,1,2,15000000.0,0.01,1500000000.0,6.666666666666666e-10,37.36
35,0,4,1,13,1,5,2,1,70,0,1,1,2,5,1,1,45,60,1,3,110000000.0,241000000.0,0.45643153526970953,2.190909090909091,59.51
2,1,0,17,13,1,3,3,0,53,0,0,1,2,5,1,3,35,36,1,0,45000000.0,0.01,4500000000.0,2.2222222222222224e-10,79.77
1,1,4,17,13,1,3,3,1,143,6,1,1,2,5,1,4,56,36,1,0,40000000.0,0.01,4000000000.0,2.5e-10,84.17
11,1,4,17,13,1,5,2,0,0,0,1,0,2,5,1,2,43,36,1,0,95000000.0,491400000.0,0.19332519332519332,5.172631578947368,58.78
58,0,4,17,13,1,5,2,0,189,0,0,1,2,5,1,1,23,36,1,0,40000000.0,151464000.0,0.26408915649923415,3.7866,32.82
68,1,4,17,13,1,5,5,0,119,0,1,2,2,5,1,1,44,36,1,2,25000000.0,100000000.0,0.25,4.0,27.49
71,0,4,15,13,2,5,2,0,12,0,0,2,2,1,1,1,52,42,1,3,200000000.0,453500000.0,0.4410143329658214,2.2675,66.94
72,0,4,1,13,1,5,2,0,67,0,6,2,2,3,1,3,42,60,1,5,100000000.0,756000000.0,0.13227513227513227,7.56,12.51
73,1,4,21,13,1,5,2,0,167,0,0,5,2,1,1,2,32,36,1,1,50000000.0,220070000.0,0.22720043622483754,4.4014,54.0
416,1,4,17,13,1,5,2,0,194,0,1,1,2,1,1,1,56,48,1,2,88000000.0,414141000.0,0.21248801736606615,4.706147727272727,51.6
32,0,0,1,13,1,5,5,0,194,0,1,0,2,5,1,2,36,36,1,3,20000000.0,357300000.0,0.055975370836831795,17.865,113.45
78,1,4,1,13,1,5,2,0,58,0,1,5,2,1,1,1,28,180,1,0,200000000.0,327600000.0,0.6105006105006106,1.638,30.0
422,0,4,20,13,1,5,2,0,82,0,1,2,2,1,1,3,41,60,1,3,250000000.0,1578000000.0,0.15842839036755388,6.312,28.71
86,1,4,17,13,1,5,5,0,206,0,6,0,2,1,4,1,51,60,1,2,40000000.0,55293000.0,0.7234188776156114,1.382325,27.78
82,0,4,17,13,1,5,2,0,109,0,1,1,2,1,2,2,44,60,1,2,140000000.0,425000000.0,0.32941176470588235,3.0357142857142856,14.34
412,0,4,17,13,1,5,2,0,68,0,0,4,2,1,1,1,39,48,1,3,42541312.0,144409000.0,0.29458906300853827,3.3945591522894265,35.67
75,1,4,25,15,1,1,3,0,123,3,1,2,2,1,1,3,30,24,1,0,33000000.0,500000000.0,0.066,15.151515151515152,58.08
87,0,4,17,13,1,5,2,0,185,0,0,3,9,1,1,1,35,48,1,2,60000000.0,146409220.0,0.40981025648521313,2.4401536666666668,22.84
89,1,4,17,13,1,6,2,0,114,0,6,1,6,1,2,1,45,36,1,2,50000000.0,236875000.0,0.21108179419525067,4.7375,21.8
90,0,4,21,15,1,7,2,0,124,4,1,1,2,1,4,5,50,12,1,4,1000000000.0,41982100000.0,0.023819675528379953,41.9821,10.47
91,0,4,17,13,1,7,5,0,121,0,6,2,9,1,2,1,36,36,1,3,35000000.0,162975000.0,0.21475686454977758,4.656428571428571,28.69
92,0,4,14,13,1,7,2,0,34,0,0,3,8,4,2,1,36,24,1,4,30000000.0,66312000.0,0.4524068041983351,2.2104,35.08
93,0,4,1,13,1,7,2,0,34,0,1,1,4,1,2,1,40,36,1,3,50000000.0,65686000.0,0.761197210973419,1.31372,55.17
95,1,4,1,13,1,5,2,0,120,0,0,4,2,1,1,1,21,36,1,2,50000000.0,436900000.0,0.11444266422522316,8.738,45.95
69,0,4,21,13,1,5,5,0,157,6,1,2,6,1,1,1,63,36,1,4,15000000.0,330800000.0,0.04534461910519952,22.053333333333335,70.36
210,0,4,21,13,1,5,2,0,184,0,1,2,8,1,1,1,43,36,1,2,50000000.0,107555000.0,0.4648784342894333,2.1511,38.2
83,0,4,21,15,1,5,2,1,159,6,1,2,2,4,1,3,71,3,1,3,772000000.0,1392000000.0,0.5545977011494253,1.8031088082901554,42.0
88,0,4,21,13,1,5,2,0,202,0,1,2,2,5,2,1,24,36,1,2,94000000.0,181500000.0,0.5179063360881543,1.9308510638297873,65.67
24,0,4,21,13,1,2,3,0,38,6,1,2,3,1,1,1,52,12,1,3,7000000.0,18500000.0,0.3783783783783784,2.642857142857143,36.23
211,1,0,21,13,1,2,1,0,33,0,1,2,6,1,2,3,39,7,1,0,50000000.0,105000000.0,0.47619047619047616,2.1,56.57
217,0,4,14,13,1,5,2,0,161,6,6,2,9,1,2,3,57,120,1,3,1000000000.0,3669000000.0,0.2725538293813028,3.669,51.66
414,1,4,21,13,1,5,2,0,239,3,1,4,9,1,1,1,51,36,1,3,35000000.0,203850000.0,0.17169487368162864,5.824285714285714,28.0
410,0,4,17,13,1,3,3,0,121,0,6,2,9,1,1,1,46,36,1,2,35000000.0,166234000.0,0.2105465789188734,4.749542857142857,65.91
219,0,4,17,13,1,3,3,0,239,3,1,2,4,1,1,2,45,24,1,1,100000000.0,341944000.0,0.2924455466392158,3.41944,68.41
7,1,4,17,3,2,5,2,1,237,6,1,2,0,5,1,1,45,47,1,5,66081979.0,165000000.0,0.40049684242424244,2.4968985871322045,63.51
419,0,4,1,3,2,3,3,1,130,3,1,4,0,5,1,1,33,36,1,3,25000000.0,60000000.0,0.4166666666666667,2.4,14.92
40,0,0,1,3,2,5,2,1,81,3,7,2,2,5,1,1,22,6,1,3,60000000.0,159550000.0,0.3760576621748668,2.6591666666666667,67.1
19,1,4,20,3,2,5,2,0,237,3,7,2,0,5,1,1,53,36,1,2,35000000.0,170000000.0,0.20588235294117646,4.857142857142857,65.39
63,0,4,1,3,2,5,2,0,237,3,7,2,0,1,1,2,45,36,1,1,45000000.0,192780000.0,0.2334267040149393,4.284,63.48
413,1,4,17,3,2,5,2,0,237,3,7,2,0,1,1,0,57,36,1,2,90000000.0,267500000.0,0.3364485981308411,2.9722222222222223,47.53
20,0,4,21,3,2,5,2,0,156,3,7,1,8,1,1,3,42,36,1,2,350000000.0,792751120.0,0.44150047999932185,2.2650032,72.19
79,0,4,1,3,2,5,2,0,214,3,7,1,8,1,4,3,44,48,1,4,835000000.0,1975000000.0,0.42278481012658226,2.3652694610778444,80.93
415,1,1,17,3,2,5,2,1,210,3,7,1,9,5,1,3,56,12,1,2,750000000.0,3960000000.0,0.1893939393939394,5.28,44.75
80,1,4,10,3,2,5,2,0,237,3,7,3,4,5,2,1,38,36,1,3,300000000.0,691800000.0,0.4336513443191674,2.306,55.31
81,1,4,17,3,2,5,5,0,54,3,7,2,0,1,1,1,46,36,1,2,30000000.0,239000000.0,0.12552301255230125,7.966666666666667,37.32
94,0,4,6,3,2,5,2,0,176,3,0,4,4,3,2,1,38,36,1,4,150000000.0,287600000.0,0.521557719054242,1.9173333333333333,29.23
84,0,4,21,3,2,7,2,0,101,0,0,2,2,1,2,1,40,36,1,3,100000000.0,280000000.0,0.35714285714285715,2.8,13.51
200,0,4,22,3,2,5,2,0,246,3,7,2,4,1,1,3,40,60,1,0,1000000000.0,4900000000.0,0.20408163265306123,4.9,75.41
402,0,4,21,3,2,7,2,0,248,4,7,2,3,1,1,1,51,60,1,2,100000000.0,750605000.0,0.13322586446932808,7.50605,35.47
201,0,4,5,3,2,7,2,0,173,0,0,1,8,2,1,3,43,96,1,3,1000000000.0,2609000000.0,0.3832886163280951,2.609,72.27
65,0,4,17,9,2,5,2,1,104,6,1,1,7,1,1,1,51,4,1,3,200000000.0,766800000.0,0.2608242044861763,3.834,1.31
15,0,4,15,3,2,5,2,0,92,6,1,1,4,1,1,1,46,60,1,4,300000000.0,596000000.0,0.5033557046979866,1.9866666666666666,24.8
96,1,4,0,3,2,5,2,0,249,3,7,2,9,1,1,4,43,60,1,4,245000000.0,408320000.0,0.6000195924764891,1.6666122448979592,69.16
17,0,4,21,3,2,5,2,0,253,6,6,2,4,4,1,4,37,36,1,1,100000000.0,202000000.0,0.49504950495049505,2.02,28.44
212,0,4,18,13,1,0,2,0,40,5,7,2,6,1,6,3,49,96,1,2,1300000000.0,10025000000.0,0.12967581047381546,7.711538461538462,58.8
56,1,4,21,3,2,2,1,0,225,3,1,2,3,1,1,1,40,7,1,4,500000000.0,827000000.0,0.6045949214026602,1.654,75.2
215,0,4,14,3,2,5,2,0,233,3,7,2,8,1,6,0,50,36,1,3,100000000.0,886800000.0,0.11276499774470004,8.868,43.33
216,0,4,17,3,2,2,3,0,227,3,6,2,9,1,2,1,36,12,1,3,10000000.0,22500000.0,0.4444444444444444,2.25,24.54
98,0,4,1,13,1,5,3,0,98,0,1,4,0,5,1,1,32,24,1,3,20000000.0,134280000.0,0.14894250819183796,6.714,42.0
148,1,4,1,13,1,5,5,0,94,0,0,2,0,2,1,1,53,36,1,2,18000000.0,8500000.0,2.1176470588235294,0.4722222222222222,43.82
109,0,4,1,13,1,2,3,0,94,0,0,1,0,1,1,1,32,24,1,2,12500000.0,22000000.0,0.5681818181818182,1.76,9.12
195,0,0,1,13,1,6,2,0,94,0,7,2,0,1,1,3,27,24,1,0,35000000.0,14500000.0,2.413793103448276,0.4142857142857143,47.0
197,1,0,1,13,1,2,3,0,94,0,7,1,2,1,1,1,21,24,1,0,10000000.0,20500000.0,0.4878048780487805,2.05,65.91
17,0,4,21,3,1,3,3,0,253,6,7,0,6,4,1,4,37,36,2,2,50000000.0,100000000.0,0.5,2.0,42.96
0,0,4,7,14,1,7,2,0,39,3,7,0,0,5,1,1,50,120,2,4,371600000.0,250000000.0,1.4864,0.6727664155005382,42.0
65,0,4,17,9,2,5,2,1,104,6,1,1,6,2,1,1,52,4,2,3,75000000.0,844300000.0,0.08883098424730546,11.257333333333333,6.97
230,0,4,17,13,1,5,2,0,99,6,0,1,6,1,1,1,46,36,1,3,50000000.0,201320000.0,0.2483608185972581,4.0264,55.5
231,0,4,26,10,0,4,2,0,97,6,0,2,6,1,5,3,61,120,2,1,900000000.0,1841000000.0,0.4888647474198805,2.0455555555555556,85.22
64,0,4,3,3,2,2,1,0,223,3,1,2,6,1,1,1,40,12,1,3,100000000.0,163000000.0,0.6134969325153374,1.63,43.23
181,0,1,1,3,2,5,2,0,85,6,0,0,0,2,1,1,31,36,2,2,20000000.0,117500000.0,0.1702127659574468,5.875,38.07
65,0,4,17,9,2,2,3,1,104,0,1,1,4,2,1,1,52,6,3,4,300000000.0,910800000.0,0.32938076416337286,3.036,29.75
232,0,4,18,10,0,4,2,0,158,6,7,1,8,1,6,4,70,60,1,1,850000000.0,1512000000.0,0.5621693121693122,1.7788235294117647,79.13
212,0,4,18,14,1,5,2,0,237,5,1,2,9,1,6,3,49,84,3,3,1250000000.0,1876300000.0,0.6662047646964772,1.50104,58.8
235,1,0,22,14,1,5,2,0,95,0,1,2,8,1,2,1,33,36,1,1,175000000.0,532400000.0,0.32870022539444027,3.0422857142857143,38.35
237,1,4,21,14,1,3,4,0,115,6,0,1,9,1,1,3,52,36,1,1,75000000.0,0.01,7500000000.0,1.3333333333333334e-10,51.76
239,1,2,20,14,1,6,2,0,43,3,0,1,8,1,6,3,48,96,1,2,1000000000.0,4362000000.0,0.22925263640531865,4.362,80.16
243,1,4,9,12,1,5,2,0,237,3,1,1,2,2,3,3,40,48,1,4,380000000.0,1205000000.0,0.3153526970954357,3.1710526315789473,36.0
70,0,4,0,5,2,5,2,0,42,6,1,3,8,1,1,2,38,24,2,3,320000000.0,550000000.0,0.5818181818181818,1.71875,39.06
245,0,4,21,0,1,5,2,0,47,0,1,1,2,2,3,3,32,60,1,2,200000000.0,450000000.0,0.4444444444444444,2.25,48.0
246,0,4,17,12,1,5,2,0,94,0,1,1,2,1,2,3,35,36,1,3,82000000.0,310000000.0,0.2645161290322581,3.7804878048780486,10.0
250,0,4,25,12,1,5,2,0,94,0,1,3,2,1,2,1,45,48,1,4,100000000.0,276000000.0,0.36231884057971014,2.76,38.0
253,1,4,20,12,1,5,2,0,78,0,1,1,2,1,2,1,38,36,1,2,56000000.0,623000000.0,0.0898876404494382,11.125,25.0
52,0,4,21,14,1,5,2,0,94,0,0,1,9,1,1,3,48,48,1,4,450000000.0,1379000000.0,0.3263234227701233,3.0644444444444443,46.02
85,0,0,18,8,2,5,2,0,104,6,1,1,9,5,2,1,42,3,1,3,75000000.0,705000000.0,0.10638297872340426,9.4,13.01
257,0,4,16,12,1,5,2,0,94,0,1,4,2,1,2,2,45,60,1,2,85000000.0,638000000.0,0.13322884012539185,7.5058823529411764,14.0
262,0,4,13,12,1,5,2,0,31,0,0,1,2,1,2,4,52,36,1,3,170000000.0,919000000.0,0.18498367791077258,5.405882352941177,49.0
263,1,4,19,12,1,5,2,0,237,3,0,3,9,3,2,2,50,60,1,3,192000000.0,693000000.0,0.27705627705627706,3.609375,70.0
266,1,4,14,12,1,5,2,0,241,3,1,3,9,1,1,3,38,60,1,3,49000000.0,305000000.0,0.16065573770491803,6.224489795918367,54.2
271,0,4,25,0,2,5,2,0,226,3,1,2,2,1,2,1,27,48,1,1,140000000.0,285000000.0,0.49122807017543857,2.0357142857142856,46.38
272,0,4,25,12,1,5,2,0,196,0,1,2,2,1,2,3,40,60,1,3,300000000.0,940000000.0,0.3191489361702128,3.1333333333333333,53.0
273,1,4,0,12,1,5,2,0,77,0,0,2,2,1,1,1,24,36,1,1,93000000.0,208000000.0,0.44711538461538464,2.236559139784946,33.0
276,0,4,20,12,1,5,2,0,61,6,1,3,2,1,4,3,42,48,1,3,350000000.0,1283000000.0,0.2727981293842556,3.665714285714286,33.0
302,1,4,12,12,1,5,2,0,48,6,1,3,2,2,6,3,33,60,1,3,855000000.0,1650000000.0,0.5181818181818182,1.9298245614035088,34.0
296,1,3,26,12,1,5,2,0,49,0,7,1,2,1,4,3,42,60,1,1,510000000.0,1020000000.0,0.5,2.0,48.0
309,0,0,17,0,2,5,2,0,237,6,7,0,2,1,4,3,52,48,1,0,360000000.0,1741000000.0,0.2067777139574957,4.836111111111111,37.0
313,0,4,14,14,1,5,2,0,41,3,1,1,4,3,6,3,47,60,1,4,900000000.0,1364500000.0,0.659582264565775,1.5161111111111112,46.11
319,1,4,14,12,1,5,2,0,7,0,1,3,2,1,4,3,58,60,1,4,350000000.0,1474000000.0,0.23744911804613297,4.211428571428572,39.0
37,1,4,17,4,2,5,5,0,58,6,1,2,9,5,1,1,42,24,1,3,30000000.0,232518000.0,0.12902226924367147,7.7506,64.88
157,0,4,1,6,2,2,3,0,237,3,0,2,0,1,1,1,31,12,1,3,15000000.0,17200000.0,0.872093023255814,1.1466666666666667,54.79
208,0,4,1,4,2,7,2,0,237,6,1,0,0,1,1,1,39,48,2,2,60000000.0,116350000.0,0.5156854318865493,1.9391666666666667,40.69
390,0,2,23,6,2,5,2,0,237,3,7,3,3,1,1,1,26,24,1,0,45000000.0,205800000.0,0.21865889212827988,4.573333333333333,42.65
336,0,4,24,12,1,5,2,0,8,0,1,3,2,1,3,3,41,60,1,3,145000000.0,551000000.0,0.2631578947368421,3.8,49.0
338,0,0,21,12,1,3,4,0,180,0,7,2,2,1,1,1,25,60,1,0,90000000.0,439000000.0,0.20501138952164008,4.877777777777778,50.0
340,1,4,12,12,1,5,2,0,204,0,0,2,2,1,1,3,29,60,1,2,130000000.0,332000000.0,0.39156626506024095,2.5538461538461537,36.0
343,1,4,25,12,1,5,2,0,197,0,1,0,2,1,5,3,48,60,1,2,400000000.0,1261000000.0,0.317208564631245,3.1525,50.0
342,0,4,1,12,2,5,2,0,237,3,1,2,2,1,4,1,41,36,1,3,170000000.0,341000000.0,0.49853372434017595,2.0058823529411764,49.0
344,0,4,25,12,1,5,2,0,183,0,0,3,2,1,2,1,32,36,1,2,61000000.0,238000000.0,0.25630252100840334,3.901639344262295,46.0
346,1,0,0,12,1,3,4,0,108,0,7,0,2,1,4,3,24,60,1,1,200000000.0,429000000.0,0.4662004662004662,2.145,32.0
347,1,4,1,12,1,5,2,0,179,0,0,2,2,1,3,1,48,36,1,0,75000000.0,203000000.0,0.3694581280788177,2.7066666666666666,42.0
349,0,4,17,12,1,5,2,0,21,0,0,2,2,1,4,3,33,60,1,2,220000000.0,1065000000.0,0.20657276995305165,4.840909090909091,37.0
348,0,4,15,12,1,5,2,0,237,4,1,3,2,1,5,1,34,36,1,3,200000000.0,411000000.0,0.48661800486618007,2.055,26.0
352,0,4,17,12,1,5,2,0,117,0,1,2,2,1,2,3,44,60,1,3,70000000.0,296000000.0,0.23648648648648649,4.228571428571429,36.0
351,0,0,21,12,1,5,2,0,181,0,7,3,2,1,4,2,41,36,1,2,100000000.0,299000000.0,0.33444816053511706,2.99,37.0
359,1,2,21,12,1,5,2,0,190,0,7,3,2,1,3,3,43,60,1,3,180000000.0,682000000.0,0.26392961876832843,3.7888888888888888,50.0
363,1,4,17,12,1,5,2,0,237,3,1,2,2,1,4,1,51,48,1,1,300000000.0,1243000000.0,0.2413515687851971,4.1433333333333335,47.0
368,0,4,1,12,1,5,2,0,23,0,0,2,2,1,1,3,28,60,1,3,210000000.0,1468000000.0,0.14305177111716622,6.9904761904761905,47.0
372,0,4,0,12,1,5,2,0,82,0,1,1,2,1,4,3,42,60,1,3,100000000.0,205000000.0,0.4878048780487805,2.05,32.0
373,0,4,4,0,2,5,2,0,35,0,1,3,2,1,1,1,52,48,1,1,60000000.0,300000000.0,0.2,5.0,41.0
137,0,4,1,0,2,5,2,0,237,3,1,2,2,1,1,2,59,60,1,3,100000000.0,467000000.0,0.21413276231263384,4.67,49.0
374,1,0,19,12,1,5,2,0,74,0,2,2,2,1,4,4,32,60,1,0,147500000.0,304000000.0,0.48519736842105265,2.0610169491525423,50.0
375,1,4,14,12,1,5,2,0,74,0,1,3,2,1,3,3,44,60,1,3,120000000.0,617000000.0,0.19448946515397084,5.141666666666667,42.0
378,0,0,20,0,2,5,2,0,74,0,2,2,6,1,3,3,31,60,1,0,100000000.0,755000000.0,0.13245033112582782,7.55,45.0
377,1,4,18,12,1,5,2,0,237,6,1,3,8,1,2,1,32,60,1,2,65000000.0,284000000.0,0.22887323943661972,4.369230769230769,43.0
379,0,4,15,12,1,5,2,0,74,0,0,3,9,1,4,3,40,60,1,3,200000000.0,443000000.0,0.45146726862302483,2.215,41.0
381,0,4,1,12,1,5,2,0,237,3,1,1,4,1,4,3,33,48,1,4,100000000.0,223000000.0,0.4484304932735426,2.23,18.0
382,0,4,4,12,1,5,2,0,74,0,0,3,2,1,1,1,26,36,1,2,60000000.0,213000000.0,0.28169014084507044,3.55,44.0
383,1,4,15,12,1,5,2,0,74,0,0,2,9,1,4,1,34,60,1,1,135000000.0,519000000.0,0.26011560693641617,3.8444444444444446,52.0
386,0,4,18,12,1,5,2,0,9,0,1,1,6,1,4,3,55,60,1,2,205000000.0,1869000000.0,0.10968432316746923,9.117073170731707,50.0
387,1,4,14,12,1,5,2,0,74,0,0,2,4,1,4,3,35,60,1,2,249000000.0,498000000.0,0.5,2.0,54.0
64,0,4,3,6,1,2,1,0,129,3,1,2,9,1,1,1,41,18,2,3,120000000.0,180000000.0,0.6666666666666666,1.5,60.53
388,1,4,15,0,2,5,2,0,237,3,1,3,8,1,4,1,35,36,1,4,120000000.0,289000000.0,0.41522491349480967,2.408333333333333,31.0
389,0,0,20,12,1,5,2,0,74,0,2,2,4,1,5,4,32,48,1,0,300000000.0,2045000000.0,0.1466992665036675,6.816666666666666,47.0
391,0,4,17,12,1,5,5,0,74,0,1,2,4,1,4,3,37,60,1,3,90000000.0,236000000.0,0.3813559322033898,2.6222222222222222,50.0
392,0,4,14,12,1,5,4,0,74,0,1,2,4,1,4,3,51,60,1,3,185000000.0,783000000.0,0.23627075351213284,4.232432432432432,49.0
393,1,4,25,12,1,5,5,0,74,0,0,3,2,1,4,1,31,60,1,2,110000000.0,238740000.0,0.4607522828181285,2.1703636363636365,30.0
394,0,0,1,0,1,5,5,0,147,6,2,4,4,1,2,1,27,60,1,1,98000000.0,320000000.0,0.30625,3.2653061224489797,50.0
384,0,4,26,0,2,5,5,0,74,0,0,3,2,1,3,3,35,60,1,2,148000000.0,596000000.0,0.2483221476510067,4.027027027027027,50.0
395,0,4,0,12,1,5,5,0,74,0,0,1,2,1,5,3,39,60,1,4,200000000.0,428000000.0,0.4672897196261682,2.14,41.0
396,1,4,14,12,1,5,5,0,74,0,1,2,2,1,4,3,39,60,1,3,138000000.0,724000000.0,0.19060773480662985,5.246376811594203,50.0
397,1,0,12,12,1,5,2,0,74,0,2,2,2,1,4,4,28,60,1,1,210000000.0,830000000.0,0.25301204819277107,3.9523809523809526,50.0
398,1,0,22,12,1,5,4,0,74,0,2,2,2,1,2,1,27,60,1,0,100000000.0,258000000.0,0.3875968992248062,2.58,49.0
399,0,0,26,0,2,5,5,0,147,3,2,1,4,1,4,2,33,60,1,1,240000000.0,659000000.0,0.36418816388467373,2.745833333333333,49.0
409,0,4,21,13,1,5,3,1,105,1,7,5,1,5,1,1,53,36,1,0,14000000.0,238000000.0,0.058823529411764705,17.0,42.0
407,1,4,1,13,1,3,3,0,144,1,7,5,1,5,1,1,50,36,1,0,25000000.0,238000000.0,0.10504201680672269,9.52,42.0
9,0,4,17,13,1,5,2,1,74,0,7,1,2,5,1,3,37,6,1,3,150000000.0,238000000.0,0.6302521008403361,1.5866666666666667,47.24
12,0,4,20,13,1,5,2,1,105,1,7,5,1,1,1,1,49,18,1,0,100000000.0,238000000.0,0.42016806722689076,2.38,42.0
25,0,4,17,13,1,5,5,1,69,6,0,5,2,1,1,2,44,12,1,4,35000000.0,250000000.0,0.14,7.142857142857143,26.61
218,1,4,17,13,1,3,3,1,144,0,0,5,0,5,1,2,34,36,1,3,35000000.0,0.01,3500000000.0,2.857142857142857e-10,22.7
18,1,4,21,13,1,2,1,0,68,0,7,2,0,5,1,1,46,12,1,2,7000000.0,238000000.0,0.029411764705882353,34.0,11.46
403,0,4,17,13,1,5,5,0,105,1,7,5,1,1,1,1,49,36,1,0,33000000.0,238000000.0,0.13865546218487396,7.212121212121212,42.0
33,0,4,21,13,1,5,2,1,74,0,0,5,2,3,1,1,37,36,1,2,70000000.0,387000000.0,0.18087855297157623,5.5285714285714285,56.34
405,0,4,21,13,1,3,0,0,144,0,1,1,2,5,2,3,54,36,1,3,20000000.0,0.01,2000000000.0,5e-10,82.24
36,1,0,21,13,1,5,5,1,74,0,1,2,2,2,1,1,25,60,1,0,45000000.0,405900000.0,0.11086474501108648,9.02,44.86
228,0,4,17,13,1,3,3,1,144,0,7,2,2,5,1,3,46,36,1,2,25000000.0,0.01,2500000000.0,4e-10,57.8
39,1,4,20,13,1,5,2,1,63,6,6,2,3,1,1,1,46,36,1,3,100000000.0,475000000.0,0.21052631578947367,4.75,40.5
404,0,4,21,13,1,3,3,0,105,1,7,5,1,5,1,1,40,60,1,0,45000000.0,238000000.0,0.18907563025210083,5.288888888888889,42.0
10,1,0,17,13,1,5,2,1,53,0,1,2,2,1,1,1,24,60,1,0,80000000.0,328000000.0,0.24390243902439024,4.1,59.44
44,1,0,17,13,1,2,1,1,91,0,7,2,2,5,1,1,23,9,1,0,5000000.0,15000000.0,0.3333333333333333,3.0,6.01
13,1,4,22,13,1,5,2,0,105,1,6,5,1,5,1,1,33,24,1,0,45000000.0,238000000.0,0.18907563025210083,5.288888888888889,42.0
48,0,4,17,13,1,5,2,1,68,0,1,1,2,1,1,1,36,60,1,1,50000000.0,215500000.0,0.23201856148491878,4.31,50.38
406,0,4,1,13,1,3,3,0,74,0,0,5,0,5,1,3,36,60,1,2,60000000.0,238000000.0,0.25210084033613445,3.966666666666667,42.0
49,0,4,0,13,1,5,2,1,94,0,0,1,0,4,1,3,43,60,1,3,50000000.0,221400000.0,0.22583559168925021,4.428,72.66
50,1,4,0,13,1,5,2,1,94,0,7,5,1,1,1,3,52,24,1,3,85000000.0,238000000.0,0.35714285714285715,2.8,26.79
51,0,4,17,13,1,5,3,1,189,0,7,2,2,2,1,1,32,60,1,2,50000000.0,152500000.0,0.32786885245901637,3.05,42.73
421,0,4,17,13,1,5,2,0,79,0,7,5,2,5,1,1,44,36,1,3,16000000.0,238000000.0,0.06722689075630252,14.875,17.47
57,0,4,21,13,1,5,2,0,106,0,7,1,2,1,1,3,51,36,1,3,25000000.0,384003000.0,0.0651036580443382,15.36012,12.12
59,1,4,1,13,1,5,2,0,113,0,1,2,2,5,1,1,25,36,1,2,50000000.0,187584000.0,0.26654725349709996,3.75168,49.91
60,1,0,1,13,1,5,2,0,166,0,0,2,2,1,1,1,21,36,1,0,75000000.0,260000000.0,0.28846153846153844,3.466666666666667,39.44
61,0,4,17,13,1,5,2,0,117,0,0,2,2,1,2,1,33,36,1,3,25000000.0,112000000.0,0.22321428571428573,4.48,50.63
62,0,4,17,13,1,5,2,0,111,0,1,2,8,3,2,2,58,36,1,2,45000000.0,432000000.0,0.10416666666666667,9.6,31.02
30,0,4,0,13,1,5,2,0,60,6,0,2,2,1,1,1,55,36,1,3,40000000.0,179700000.0,0.22259321090706732,4.4925,45.27
67,0,4,21,13,1,5,2,0,137,0,1,2,2,5,1,1,37,36,1,3,23000000.0,137187000.0,0.16765436958312377,5.964652173913043,43.86
16,1,4,17,13,1,5,2,0,165,0,7,5,2,3,1,3,56,60,1,2,150129500.0,238000000.0,0.630796218487395,1.585298026037521,35.95
74,0,4,17,13,1,5,3,0,136,0,1,1,2,2,1,3,45,60,1,4,190000000.0,324300000.0,0.585877274128893,1.706842105263158,42.91
77,0,4,20,13,1,5,5,0,74,0,1,3,9,2,2,3,50,60,1,3,30000000.0,1358500000.0,0.02208317997791682,45.28333333333333,29.28
420,0,0,17,13,1,2,3,0,94,0,0,2,8,1,1,1,30,12,1,0,12000000.0,21000000.0,0.5714285714285714,1.75,62.92
29,0,4,17,3,2,5,2,1,25,3,0,5,0,1,1,1,38,6,4,4,110000000.0,176250000.0,0.624113475177305,1.6022727272727273,42.27
14,0,4,21,3,2,2,1,0,237,3,1,5,0,5,1,1,39,12,1,3,5000000.0,7500000.0,0.6666666666666666,1.5,10.58
31,0,4,17,3,2,2,1,0,68,0,1,5,0,5,1,1,32,12,1,1,8500000.0,19000000.0,0.4473684210526316,2.235294117647059,13.9
21,0,4,17,3,2,3,3,1,133,3,1,2,0,5,1,1,44,24,2,5,20000000.0,238000000.0,0.08403361344537816,11.9,15.67
41,0,0,1,3,2,5,2,1,91,0,1,2,2,1,1,1,22,60,1,0,50000000.0,0.01,5000000000.0,2e-10,55.68
8,0,4,1,3,2,5,2,1,241,3,1,3,2,5,1,1,35,60,1,2,140000000.0,0.01,14000000000.0,7.142857142857143e-11,49.55
22,1,4,14,3,2,5,5,1,162,6,1,5,0,5,1,1,38,45,1,3,98500000.0,507500000.0,0.19408866995073892,5.152284263959391,34.1
45,0,4,17,3,2,5,2,1,239,3,0,4,2,1,1,1,46,48,1,4,50000000.0,228300000.0,0.21901007446342532,4.566,38.16
46,1,0,17,3,2,5,2,0,195,6,1,1,0,5,1,1,50,36,1,2,40000000.0,139400000.0,0.28694404591104733,3.485,53.55
47,0,4,21,3,2,5,2,1,74,0,1,1,9,2,1,1,30,60,1,3,25000000.0,164250000.0,0.15220700152207,6.57,66.79
53,0,0,17,3,2,2,1,1,103,0,0,2,0,1,1,1,27,36,1,0,70000000.0,110000000.0,0.6363636363636364,1.5714285714285714,36.11
417,1,4,17,3,2,5,2,1,15,0,0,5,2,3,1,1,55,60,1,3,110000000.0,238000000.0,0.46218487394957986,2.1636363636363636,56.18
54,0,4,15,3,2,2,1,1,237,3,1,5,1,5,1,1,32,12,1,0,20000000.0,238000000.0,0.08403361344537816,11.9,42.88
418,0,4,17,3,2,5,2,0,149,3,1,5,2,3,4,3,37,60,1,2,11922714.0,1000000000.0,0.011922714,83.87352074368303,3.76
23,1,0,17,3,2,2,1,0,144,0,7,2,2,1,1,3,31,36,1,0,50000000.0,110000000.0,0.45454545454545453,2.2,33.1
3,1,4,14,3,2,1,3,1,239,3,1,1,2,1,1,1,51,12,1,1,190000000.0,200000000.0,0.95,1.0526315789473684,46.82
42,1,0,1,3,2,5,2,0,242,3,7,2,3,1,1,1,47,24,1,1,35000000.0,464000000.0,0.07543103448275862,13.257142857142858,28.31
43,0,4,17,3,2,5,2,0,131,3,1,2,4,1,1,1,42,24,1,4,200000000.0,475000000.0,0.42105263157894735,2.375,61.32
70,0,4,0,3,2,5,2,0,247,6,1,5,1,1,1,1,36,24,1,3,320000000.0,545800000.0,0.5862953462806889,1.705625,42.0
401,0,4,21,3,2,5,2,0,84,0,6,3,2,1,1,3,57,24,1,3,65000000.0,542000000.0,0.11992619926199262,8.338461538461539,85.33
66,0,4,17,3,2,5,5,0,155,3,6,2,2,1,1,1,53,12,1,4,45000000.0,93366000.0,0.4819741661846925,2.0748,28.53
213,0,4,17,9,2,5,2,1,32,0,1,5,9,1,1,4,42,3,1,4,100000000.0,598750000.0,0.16701461377870563,5.9875,8.09
214,0,4,19,7,2,5,2,0,237,3,0,2,9,1,6,4,40,12,1,2,650000000.0,17250900000.0,0.03767919354932207,26.539846153846153,54.48
100,0,4,11,13,1,5,3,0,185,0,0,2,0,5,1,1,35,24,1,3,15000000.0,110000000.0,0.13636363636363635,7.333333333333333,40.39
112,0,4,1,13,1,5,2,1,74,0,1,2,0,5,1,1,49,12,1,1,20000000.0,103840000.0,0.1926040061633282,5.192,46.01
138,1,4,1,13,1,2,1,0,237,1,7,5,1,5,1,1,25,24,1,0,13000000.0,238000000.0,0.0546218487394958,18.307692307692307,42.0
139,0,4,1,13,1,2,1,0,75,3,7,2,0,5,1,1,37,36,1,1,15000000.0,238000000.0,0.06302521008403361,15.866666666666667,26.41
151,0,4,1,13,1,2,1,0,74,0,5,5,0,5,1,1,35,12,1,1,5500000.0,7225000.0,0.7612456747404844,1.3136363636363637,18.92
108,0,0,11,13,1,2,1,1,94,0,2,5,0,5,1,1,31,24,1,0,7000000.0,7000000.0,1.0,1.0,17.29
123,0,4,1,13,1,5,2,1,157,0,1,5,2,1,1,2,75,24,1,1,15000000.0,150749000.0,0.09950314761623626,10.049933333333334,26.11
172,0,4,1,13,1,5,2,0,74,0,1,5,0,1,1,1,49,36,1,0,65000000.0,97167000.0,0.6689513929626314,1.494876923076923,38.73
174,0,4,17,13,1,5,2,0,172,0,1,1,0,5,1,1,45,36,1,3,25000000.0,174063000.0,0.14362615834496706,6.96252,44.11
177,0,4,1,13,1,7,2,0,172,0,0,2,3,3,1,1,36,36,1,2,60000000.0,184416000.0,0.32535137948984905,3.0736,44.45
129,0,4,1,13,1,2,3,0,62,6,1,1,0,5,1,1,44,36,1,4,11000000.0,238000000.0,0.046218487394957986,21.636363636363637,21.51
119,0,4,1,13,1,2,3,0,237,2,1,2,3,1,1,1,43,24,1,3,45000000.0,201600000.0,0.22321428571428573,4.48,53.22
184,1,4,11,13,1,5,2,0,70,0,0,0,0,5,1,1,30,36,1,1,40000000.0,238000000.0,0.16806722689075632,5.95,54.84
185,0,4,15,13,1,2,1,0,74,0,0,2,4,1,1,1,35,24,1,4,16000000.0,105000000.0,0.1523809523809524,6.5625,59.39
168,0,4,1,13,1,7,2,0,80,3,1,2,2,1,1,3,47,48,1,3,125000000.0,349686667.0,0.35746287118233194,2.797493336,25.87
173,0,4,21,13,1,7,2,0,90,0,1,2,3,2,1,1,47,24,1,2,50000000.0,137780000.0,0.3628973726230222,2.7556,19.43
170,0,0,1,13,1,2,3,0,74,0,2,3,2,5,1,3,21,18,1,0,8000000.0,15650000.0,0.5111821086261981,1.95625,17.44
175,0,1,1,13,1,7,2,0,24,3,4,2,0,5,1,1,32,20,1,1,30000000.0,76240000.0,0.3934942287513116,2.541333333333333,35.24
203,0,4,15,13,1,6,2,0,212,6,7,2,9,1,1,3,42,36,1,3,50000000.0,122844000.0,0.4070202858910488,2.45688,63.98
111,1,4,1,13,1,2,1,0,144,0,5,2,2,1,1,3,59,36,1,0,30000000.0,107000000.0,0.2803738317757009,3.566666666666667,24.14
209,0,4,1,13,1,7,2,0,52,0,1,2,2,1,1,2,42,36,1,2,50000000.0,286044000.0,0.17479828278166995,5.72088,39.28
55,0,4,17,13,1,5,2,0,76,0,4,3,2,1,1,3,47,24,1,1,30000000.0,112736000.0,0.26610843031507236,3.7578666666666667,68.29
162,0,4,1,13,1,2,3,0,44,0,2,2,0,1,1,1,30,12,1,0,5500000.0,13500000.0,0.4074074074074074,2.4545454545454546,25.43
176,0,0,1,13,1,2,3,0,70,0,2,1,0,1,1,1,23,18,1,0,5000000.0,8700000.0,0.5747126436781609,1.74,15.39
221,1,4,1,13,1,2,3,0,93,0,0,0,0,1,1,1,27,24,1,1,25000000.0,62000000.0,0.4032258064516129,2.48,39.63
222,1,4,11,13,1,5,2,0,201,0,0,0,2,1,1,1,26,36,1,1,50000000.0,127200000.0,0.39308176100628933,2.544,27.93
223,0,0,1,13,1,5,2,0,243,0,2,5,0,1,1,1,20,12,1,0,20000000.0,50500000.0,0.39603960396039606,2.525,48.07
142,0,4,17,13,1,3,3,0,20,0,0,1,2,1,1,1,41,24,1,2,25000000.0,45000000.0,0.5555555555555556,1.8,39.22
165,1,4,1,13,1,7,2,0,217,6,1,2,0,1,1,1,42,24,1,3,15000000.0,264700000.0,0.056667925953910084,17.64666666666667,56.77
28,1,4,1,13,1,3,3,0,18,6,1,5,3,1,1,1,41,36,1,2,40000000.0,80000000.0,0.5,2.0,55.94
226,0,1,1,13,1,3,3,0,198,0,5,2,2,1,1,1,57,36,1,3,15000000.0,55485000.0,0.2703433360367667,3.699,31.97
99,0,4,1,3,2,5,3,1,237,3,7,5,2,5,1,1,59,18,1,2,10000000.0,45000000.0,0.2222222222222222,4.5,42.0
97,0,4,11,3,2,5,3,1,70,0,0,2,2,5,1,1,34,36,1,3,20000000.0,31440000.0,0.6361323155216285,1.572,41.09
110,0,4,1,3,2,5,2,0,140,6,1,5,3,5,1,1,50,24,1,4,7000000.0,55950000.0,0.12511170688114387,7.992857142857143,11.25
103,0,4,11,3,2,5,2,0,88,6,0,2,0,5,1,1,32,18,1,1,15000000.0,238000000.0,0.06302521008403361,15.866666666666667,20.57
105,1,4,1,3,2,5,3,0,6,3,0,2,2,5,1,1,30,24,1,2,15826500.0,112600000.0,0.1405550621669627,7.114649480302025,31.76
106,1,4,11,3,2,5,3,0,27,3,0,2,3,5,1,1,24,12,1,2,20000000.0,70000000.0,0.2857142857142857,3.5,32.06
104,1,4,11,3,2,5,2,1,74,0,7,2,0,5,1,1,37,18,1,3,20000000.0,16800000.0,1.1904761904761905,0.84,20.39
115,0,4,11,3,2,5,2,0,13,6,0,5,0,5,1,1,33,36,1,1,20000000.0,238000000.0,0.08403361344537816,11.9,18.21
116,1,4,1,3,2,2,1,0,237,3,1,5,0,5,1,1,29,24,1,3,10000000.0,15650000.0,0.6389776357827476,1.565,14.23
120,1,4,1,3,2,2,1,0,213,6,0,2,2,5,1,1,44,18,1,2,5000000.0,8800000.0,0.5681818181818182,1.76,26.3
122,1,4,1,3,2,5,2,0,163,2,6,5,0,5,1,1,59,36,1,2,15000000.0,25000000.0,0.6,1.6666666666666667,22.79
124,0,4,1,3,2,2,1,0,207,6,1,5,0,5,1,1,46,36,1,6,10000000.0,20000000.0,0.5,2.0,10.94
128,0,4,1,3,2,2,1,0,237,1,0,5,1,5,1,1,32,16,1,1,4583197.0,8000000.0,0.572899625,1.7455064663377986,42.0
131,0,4,1,3,2,2,1,0,224,6,1,5,0,5,1,1,41,18,1,2,5000000.0,6205000.0,0.8058017727639001,1.241,11.64
133,0,4,1,3,2,2,1,0,249,3,0,1,0,5,1,1,40,24,1,2,50000000.0,77545454.0,0.6447831229410301,1.55090908,76.35
135,0,4,1,3,2,2,1,0,37,6,1,5,0,5,1,1,49,12,1,3,6000000.0,8500000.0,0.7058823529411765,1.4166666666666667,15.29
101,0,4,11,3,2,5,2,1,185,0,0,5,0,5,1,1,33,30,1,1,15000000.0,40100000.0,0.3740648379052369,2.6733333333333333,31.84
130,0,4,1,3,2,2,1,0,26,3,1,2,0,5,1,1,41,12,1,4,4000000.0,7100000.0,0.5633802816901409,1.775,12.07
136,0,4,1,3,2,5,2,0,55,0,4,2,0,5,1,3,35,24,1,2,40000000.0,206500000.0,0.1937046004842615,5.1625,72.57
146,0,4,1,3,2,2,1,0,27,3,1,4,0,5,1,1,45,12,1,5,10000000.0,10625000.0,0.9411764705882353,1.0625,32.21
152,1,4,1,3,2,5,2,1,221,3,1,2,0,1,1,1,51,24,1,4,60000000.0,79687200.0,0.7529440110833359,1.32812,47.55
149,1,4,1,3,2,5,2,1,237,3,0,1,0,5,1,1,42,24,1,3,35000000.0,141360000.0,0.2475947934352009,4.038857142857143,28.43
153,0,4,1,3,2,5,2,1,244,3,1,2,0,1,1,1,43,36,1,3,15000000.0,55700000.0,0.26929982046678635,3.7133333333333334,21.37
107,0,4,11,3,1,5,3,0,237,1,7,5,1,5,1,1,55,24,1,0,10000000.0,238000000.0,0.04201680672268908,23.8,42.0
143,0,4,1,3,2,2,1,0,128,3,7,2,0,5,1,1,48,24,1,3,8500000.0,10625000.0,0.8,1.25,12.43
118,1,4,1,3,2,2,1,1,89,6,0,0,2,1,1,1,30,12,1,2,8000000.0,10200000.0,0.7843137254901961,1.275,58.56
140,0,4,1,3,2,5,2,1,16,0,1,2,0,5,1,1,48,17,1,2,10000000.0,60000000.0,0.16666666666666666,6.0,10.72
158,0,4,1,3,1,5,2,1,66,0,2,5,2,1,1,1,25,36,1,0,25000000.0,238000000.0,0.10504201680672269,9.52,23.6
156,0,4,1,3,2,5,2,1,245,3,6,5,0,5,1,1,56,11,1,3,20000000.0,69600000.0,0.28735632183908044,3.48,50.81
125,0,4,1,3,2,2,1,0,27,3,7,2,0,5,1,1,39,12,1,3,4500000.0,7012500.0,0.6417112299465241,1.5583333333333333,18.62
127,0,4,1,3,2,2,1,0,237,3,7,2,0,5,1,1,44,12,1,3,5000000.0,7000000.0,0.7142857142857143,1.4,33.89
160,0,4,11,9,1,2,1,1,104,6,1,2,0,1,1,1,49,6,1,3,4000000.0,6000000.0,0.6666666666666666,1.5,1.53
145,0,4,1,3,2,2,1,1,17,0,7,2,0,5,1,1,39,18,1,3,5000000.0,9000000.0,0.5555555555555556,1.8,12.74
166,1,4,1,3,2,5,2,0,237,3,1,2,0,1,1,1,57,36,1,0,35000000.0,92460000.0,0.37854207224745834,2.641714285714286,29.76
169,1,1,0,3,2,5,2,0,229,6,4,0,0,1,1,2,39,36,1,2,50000000.0,241308000.0,0.20720407114558986,4.82616,9.92
154,1,4,1,3,2,5,2,0,71,6,1,5,0,5,1,1,31,36,1,3,20000000.0,68760000.0,0.29086678301337987,3.438,15.01
178,1,4,1,3,2,5,2,0,237,3,1,2,0,5,1,1,43,36,1,4,30000000.0,238000000.0,0.12605042016806722,7.933333333333334,26.06
179,0,4,1,3,2,5,2,0,237,6,0,5,0,5,1,1,22,36,1,2,20000000.0,238000000.0,0.08403361344537816,11.9,23.0
181,0,1,1,3,2,5,5,0,70,0,4,2,2,1,1,2,28,36,1,1,15000000.0,206672000.0,0.07257877216071844,13.778133333333333,46.03
102,0,4,11,3,1,5,5,1,237,3,1,2,0,4,1,1,47,36,1,2,49000000.0,238000000.0,0.20588235294117646,4.857142857142857,50.4
183,0,4,1,3,2,2,3,0,169,3,0,0,0,5,1,1,31,18,1,3,6500000.0,10000000.0,0.65,1.5384615384615385,22.78
155,0,4,1,3,2,5,2,0,236,3,6,0,0,1,1,1,58,36,1,2,30000000.0,64200000.0,0.4672897196261682,2.14,39.96
186,0,4,1,3,2,5,2,0,87,6,1,1,0,1,1,1,39,36,1,4,50000000.0,238000000.0,0.21008403361344538,4.76,38.5
180,0,4,1,3,2,2,3,0,237,3,1,2,0,5,1,1,35,12,1,2,12000000.0,18000000.0,0.6666666666666666,1.5,18.9
187,1,4,11,3,2,5,3,0,70,3,0,4,2,5,1,1,31,36,1,2,50000000.0,238000000.0,0.21008403361344538,4.76,31.73
164,0,4,1,3,1,2,3,0,237,6,1,5,2,1,1,1,47,24,1,3,20000000.0,37500000.0,0.5333333333333333,1.875,27.36
188,1,4,1,3,1,2,3,0,100,3,1,2,0,1,1,1,44,18,1,3,7000000.0,13500000.0,0.5185185185185185,1.9285714285714286,35.76
141,0,4,1,3,2,5,2,0,222,6,6,5,0,5,1,1,55,24,1,2,10000000.0,46360000.0,0.21570319240724764,4.636,17.67
163,0,4,1,3,2,5,2,0,141,6,4,0,2,1,1,3,55,60,1,2,1000000000.0,3828600000.0,0.2611920806561145,3.8286,57.64
171,1,0,15,3,2,2,1,0,113,0,2,1,2,2,1,1,23,36,1,0,40000000.0,80000000.0,0.5,2.0,65.95
189,1,4,15,3,1,5,2,0,170,3,5,2,3,1,1,1,40,36,1,2,45000000.0,436566667.0,0.10307704046493316,9.70148148888889,17.51
182,0,4,1,3,1,2,3,0,237,3,1,1,2,1,1,1,44,12,1,3,5000000.0,11998000.0,0.4167361226871145,2.3996,27.19
190,1,4,1,3,1,5,2,0,237,3,7,2,2,1,1,1,54,36,1,1,40000000.0,202400000.0,0.1976284584980237,5.06,31.4
161,0,4,1,3,1,5,2,0,230,3,6,2,3,1,1,1,49,36,1,1,70000000.0,151772917.0,0.46121535636031824,2.1681845285714285,56.53
191,0,4,1,3,1,5,2,0,219,6,1,2,0,3,1,1,44,36,1,3,50000000.0,238605667.0,0.20955076477709977,4.77211334,38.88
192,0,4,1,3,1,5,2,0,29,3,2,2,0,1,1,1,47,24,1,5,25000000.0,95781333.0,0.26101119306827775,3.83125332,29.38
193,0,4,11,3,2,2,3,0,185,0,1,2,2,1,1,1,43,18,1,4,15000000.0,12350000.0,1.214574898785425,0.8233333333333334,41.03
150,1,4,1,3,2,1,3,0,237,3,1,2,0,1,1,1,41,24,1,1,20000000.0,20000000.0,1.0,1.0,25.96
117,1,1,1,3,2,5,5,0,27,3,5,2,0,1,1,2,56,24,1,2,15000000.0,202208333.0,0.07418091914144805,13.480555533333334,51.86
194,1,4,1,3,2,7,5,0,154,3,6,1,0,4,1,1,49,36,1,3,20000000.0,82600000.0,0.24213075060532688,4.13,41.19
196,1,3,1,3,2,2,3,0,237,3,1,5,2,1,1,1,43,24,1,2,12000000.0,18900000.0,0.6349206349206349,1.575,24.0
198,0,4,1,3,2,2,3,0,45,0,1,2,0,1,1,3,38,12,1,1,6000000.0,9750000.0,0.6153846153846154,1.625,6.61
199,0,4,1,3,2,7,2,0,237,3,6,5,1,1,1,1,54,36,1,2,10000000.0,238000000.0,0.04201680672268908,23.8,42.0
134,0,4,1,3,2,2,1,0,237,3,1,1,0,1,1,1,39,36,1,3,50000000.0,98000000.0,0.5102040816326531,1.96,23.1
202,1,4,1,3,2,2,3,0,252,3,6,2,0,1,1,1,42,30,1,0,25000000.0,112000000.0,0.22321428571428573,4.48,50.26
204,1,4,14,3,2,5,2,0,64,3,1,1,2,2,1,1,42,60,1,3,350000000.0,464100000.0,0.7541478129713424,1.326,28.14
205,0,4,17,3,2,7,2,0,36,6,1,0,0,3,1,1,57,36,1,3,50000000.0,122844000.0,0.4070202858910488,2.45688,30.21
206,1,0,20,9,2,7,2,1,237,3,2,2,9,1,1,4,51,6,1,0,500000000.0,1200000000.0,0.4166666666666667,2.4,25.06
207,0,4,12,3,2,7,2,0,237,3,1,2,6,1,1,3,35,24,1,3,550000000.0,882812500.0,0.6230088495575221,1.6051136363636365,81.32
208,0,4,1,3,2,7,2,0,175,0,0,2,3,1,1,1,37,24,1,2,50000000.0,109500000.0,0.45662100456621,2.19,37.68
114,0,4,8,3,2,6,1,0,216,3,0,2,0,5,1,1,36,12,1,3,50000000.0,100000000.0,0.5,2.0,75.5
132,0,4,1,9,1,2,1,1,229,6,0,0,2,1,1,3,64,3,1,4,65000000.0,105000000.0,0.6190476190476191,1.6153846153846154,51.3
126,0,4,1,3,1,2,3,0,237,6,1,2,2,1,1,1,38,36,1,2,30000000.0,82000000.0,0.36585365853658536,2.7333333333333334,49.4
121,0,4,1,3,1,3,3,0,232,3,6,2,0,1,1,1,59,12,1,1,14000000.0,22000000.0,0.6363636363636364,1.5714285714285714,67.36
167,0,0,0,3,1,2,1,0,146,3,7,2,0,1,1,1,44,12,1,0,45000000.0,178000000.0,0.25280898876404495,3.9555555555555557,45.59
6,1,4,21,9,2,5,2,0,142,6,1,1,3,2,1,2,34,6,1,2,50000000.0,926416000.0,0.05397143399941279,18.52832,3.0
147,1,4,15,3,2,5,2,0,237,3,1,2,3,2,1,1,42,36,1,4,50000000.0,158560000.0,0.31533804238143287,3.1712,46.15
224,0,4,1,3,1,5,2,0,28,3,1,3,2,2,1,1,35,36,1,2,50000000.0,155778000.0,0.3209695849221328,3.11556,23.12
225,1,4,25,3,2,5,2,0,237,3,1,2,4,1,1,1,44,120,1,2,1250000000.0,4290000000.0,0.2913752913752914,3.432,67.42
113,1,4,1,3,1,2,3,0,230,3,1,2,0,1,1,1,44,18,1,2,15000000.0,24000000.0,0.625,1.6,21.26
159,1,4,1,3,1,6,2,0,237,3,1,2,2,1,1,1,38,24,1,3,20000000.0,84555000.0,0.23653243451008218,4.22775,23.67
17,0,4,21,3,2,5,2,0,237,3,1,1,4,4,1,4,37,36,3,2,65000000.0,162000000.0,0.4012345679012346,2.4923076923076923,42.97
227,1,4,11,13,2,5,2,0,217,6,6,5,0,4,1,1,60,36,1,0,50000000.0,139260000.0,0.35904064340083297,2.7852,31.19
229,0,4,15,13,1,5,5,0,185,0,1,2,2,1,1,1,55,24,1,3,10000000.0,55628000.0,0.17976558567627812,5.5628,29.48
204,0,4,1,13,1,5,2,0,74,0,1,1,0,3,2,1,43,36,1,5,40000000.0,75296000.0,0.531236719082023,1.8824,31.03
193,0,4,11,3,2,2,3,0,185,0,1,2,2,1,1,1,44,18,2,4,15000000.0,19850000.0,0.7556675062972292,1.3233333333333333,61.85
233,1,4,1,14,2,5,2,0,171,0,1,1,9,1,1,3,49,60,2,2,100000000.0,688000000.0,0.14534883720930233,6.88,67.81
167,0,0,0,4,2,2,1,0,146,6,7,2,0,1,1,1,44,12,2,0,60000000.0,178000000.0,0.33707865168539325,2.966666666666667,69.77
236,0,4,1,14,1,5,2,0,238,6,1,1,2,2,2,2,44,36,1,0,70000000.0,147180000.0,0.4756080989264846,2.1025714285714288,55.22
117,1,1,1,6,2,5,5,0,231,3,5,1,0,1,1,3,57,24,2,1,20000000.0,226200000.0,0.08841732979664015,11.31,37.72
238,0,4,1,14,2,5,2,0,1,0,1,1,2,1,2,3,40,36,1,4,70000000.0,150800000.0,0.46419098143236076,2.1542857142857144,47.46
234,1,4,17,2,2,2,1,0,33,0,0,2,9,1,3,3,28,48,1,0,55000000.0,93000000.0,0.5913978494623656,1.690909090909091,70.02
201,0,4,5,14,1,5,3,1,139,0,1,3,9,1,1,3,44,60,2,3,600000000.0,2609000000.0,0.22997316979685703,4.348333333333334,48.29
240,0,4,15,14,1,5,2,0,74,0,0,2,8,1,1,1,34,60,1,2,70000000.0,110730000.0,0.6321683373972726,1.5818571428571429,59.33
241,0,4,21,0,2,5,2,0,30,0,1,1,6,2,2,3,55,36,1,3,325000000.0,2705000000.0,0.12014787430683918,8.323076923076924,38.0
242,0,0,2,1,2,5,2,0,237,3,7,2,8,4,6,0,25,60,1,0,500000000.0,12345666700.0,0.04050004039069028,24.6913334,94.36
244,0,3,17,1,2,5,5,0,240,3,7,1,2,1,2,1,60,24,1,0,11000000.0,170280000.0,0.06459948320413436,15.48,9.22
247,1,3,18,12,1,0,2,0,113,0,7,0,2,1,2,1,33,36,1,1,97000000.0,384000000.0,0.2526041666666667,3.9587628865979383,42.0
76,1,4,18,6,2,5,5,0,237,6,6,1,0,1,1,1,58,12,1,1,30000000.0,338970000.0,0.08850340738118417,11.299,45.08
249,0,4,21,12,1,5,2,0,74,0,1,3,4,1,3,3,52,60,1,4,190000000.0,1225000000.0,0.15510204081632653,6.447368421052632,49.0
254,0,4,1,12,1,5,2,0,74,0,1,1,9,1,2,1,43,36,1,3,124000000.0,269000000.0,0.46096654275092935,2.1693548387096775,46.0
248,1,4,17,14,1,5,5,0,144,0,1,2,2,1,3,3,50,36,1,0,35000000.0,100000000.0,0.35,2.857142857142857,70.55
251,0,0,15,14,1,5,2,0,199,0,7,2,2,1,2,2,26,60,1,1,75000000.0,156000000.0,0.4807692307692308,2.08,55.13
252,0,4,11,14,1,5,2,0,72,3,0,5,2,4,1,1,29,36,1,4,75000000.0,150000000.0,0.5,2.0,24.23
132,0,4,1,9,1,2,1,0,215,6,0,0,2,5,1,3,65,6,2,1,67450000.0,101000000.0,0.6678217821782179,1.497405485544848,52.42
258,0,0,11,4,2,5,2,0,152,6,2,1,2,4,2,1,25,36,1,0,75000000.0,322200000.0,0.23277467411545624,4.296,60.98
220,1,4,1,6,2,2,3,0,127,3,1,0,3,1,1,1,45,12,1,3,15000000.0,23600000.0,0.635593220338983,1.5733333333333333,49.63
255,0,4,0,12,1,5,2,0,178,0,1,0,2,1,2,2,43,60,1,2,130000000.0,227000000.0,0.5726872246696035,1.7461538461538462,68.0
256,0,4,20,14,1,5,2,0,182,0,0,1,4,1,2,3,42,36,1,3,77000000.0,125268000.0,0.6146821215314366,1.6268571428571428,33.94
259,1,3,21,14,1,5,2,0,237,6,5,2,2,1,2,1,49,22,1,1,46000000.0,385000000.0,0.11948051948051948,8.369565217391305,50.05
260,1,4,1,14,1,5,2,0,220,3,1,4,3,1,1,3,51,42,1,3,115300000.0,233340000.0,0.4941287391788806,2.0237640936686905,46.66
27,0,4,17,14,1,2,3,0,160,0,6,2,2,1,1,5,67,4,1,1,5000000.0,39500000.0,0.12658227848101267,7.9,29.59
261,1,4,1,14,1,5,2,0,209,6,0,2,2,1,2,2,30,20,1,2,55000000.0,620000000.0,0.08870967741935484,11.272727272727273,34.83
264,0,4,21,6,2,5,2,0,135,3,0,1,4,1,2,3,33,18,1,2,100000000.0,180000000.0,0.5555555555555556,1.8,53.01
265,1,1,25,12,1,5,2,0,50,0,4,2,2,1,2,3,48,60,1,1,200000000.0,648000000.0,0.30864197530864196,3.24,43.0
267,0,4,26,12,1,5,2,0,145,0,6,3,2,1,2,2,31,60,1,2,162000000.0,746000000.0,0.21715817694369974,4.604938271604938,55.0
268,0,0,20,12,1,5,2,0,19,0,2,0,2,1,2,3,36,60,1,0,250000000.0,623000000.0,0.4012841091492777,2.492,48.0
269,0,4,18,0,2,5,2,0,250,3,0,1,4,1,2,1,36,60,1,2,319000000.0,865000000.0,0.36878612716763004,2.7115987460815045,43.5
213,0,4,21,8,2,2,3,0,32,0,1,1,2,1,1,4,43,3,2,4,60000000.0,123000000.0,0.4878048780487805,2.05,8.09
270,0,4,1,14,1,5,2,0,251,6,0,1,2,1,2,1,55,54,1,3,138650000.0,535000000.0,0.2591588785046729,3.858636855391273,38.95
411,1,4,1,14,1,5,2,0,58,0,0,1,9,1,1,1,47,36,1,4,200000000.0,539000000.0,0.37105751391465674,2.695,37.33
24,0,4,21,14,1,2,3,0,37,6,1,2,8,1,1,1,53,12,2,3,10000000.0,18000000.0,0.5555555555555556,1.8,38.26
274,0,4,26,12,1,5,2,0,73,0,0,0,8,1,2,3,36,60,1,2,139000000.0,519000000.0,0.2678227360308285,3.7338129496402876,44.0
275,1,0,20,12,1,5,2,0,10,0,1,3,2,1,4,3,24,36,1,0,170000000.0,341000000.0,0.49853372434017595,2.0058823529411764,34.22
277,0,4,15,0,2,5,2,0,239,3,1,3,0,1,4,1,41,60,1,4,250000000.0,708000000.0,0.3531073446327684,2.832,46.0
278,1,4,20,12,1,5,2,0,134,0,0,4,2,1,4,3,41,60,1,2,110000000.0,989000000.0,0.11122345803842265,8.99090909090909,25.0
279,0,0,0,12,1,0,2,0,51,3,0,0,2,1,3,3,33,60,1,0,150000000.0,350000000.0,0.42857142857142855,2.3333333333333335,49.0
280,0,4,25,12,1,5,2,0,150,3,1,3,2,1,4,2,44,29,1,3,83500000.0,988000000.0,0.08451417004048584,11.832335329341317,43.5
281,1,4,12,0,2,5,2,0,237,6,0,2,4,1,6,2,41,36,1,3,810000000.0,1618000000.0,0.5006180469715699,1.997530864197531,40.0
282,0,4,18,12,1,5,2,0,112,0,1,1,2,1,4,3,34,48,1,4,115000000.0,238000000.0,0.4831932773109244,2.0695652173913044,54.0
288,0,4,0,12,1,5,2,0,94,0,1,3,0,1,3,4,31,48,1,3,85000000.0,213000000.0,0.39906103286384975,2.5058823529411764,38.69
284,0,4,18,12,1,5,2,0,116,0,0,0,2,1,3,3,32,60,1,2,163000000.0,447000000.0,0.36465324384787473,2.7423312883435584,49.18
289,1,4,0,12,1,5,2,0,237,3,0,1,2,1,4,2,53,60,1,4,230000000.0,914000000.0,0.25164113785557984,3.973913043478261,183.0
285,0,4,12,12,1,5,2,0,107,0,1,0,8,1,5,3,34,36,1,2,121000000.0,232000000.0,0.521551724137931,1.9173553719008265,114.0
286,1,4,25,12,1,5,2,0,53,0,0,2,2,1,1,3,33,36,1,2,87000000.0,391000000.0,0.22250639386189258,4.494252873563219,37.0
287,0,4,1,12,1,5,2,0,108,0,1,1,2,1,4,3,41,36,1,4,198000000.0,495000000.0,0.4,2.5,138.0
291,0,4,18,12,1,5,2,0,102,0,0,2,2,1,4,3,46,60,1,2,200000000.0,415000000.0,0.4819277108433735,2.075,80.0
293,1,4,1,14,1,5,2,0,102,0,1,4,2,1,2,1,49,65,1,1,114000000.0,240000000.0,0.475,2.1052631578947367,33.79
290,1,0,22,12,1,5,2,0,241,3,7,0,2,2,5,1,30,60,1,1,247000000.0,607000000.0,0.40691927512355847,2.45748987854251,58.0
89,1,4,17,14,1,6,2,0,211,0,1,0,9,1,2,1,47,72,2,2,135000000.0,236875000.0,0.5699208443271768,1.7546296296296295,42.0
295,0,4,0,12,1,5,2,0,110,0,1,0,2,1,4,3,53,60,1,4,130000000.0,262000000.0,0.4961832061068702,2.0153846153846153,45.0
298,0,0,25,12,1,5,2,0,188,0,1,1,2,1,5,3,47,24,1,0,220000000.0,645000000.0,0.34108527131782945,2.9318181818181817,34.0
297,1,4,21,0,2,5,2,0,14,0,0,2,2,1,3,2,33,48,1,2,120000000.0,356000000.0,0.33707865168539325,2.966666666666667,35.0
299,1,4,21,14,1,5,5,0,83,0,0,2,9,1,2,3,52,18,1,2,15000000.0,217600000.0,0.06893382352941177,14.506666666666666,60.91
300,0,4,14,12,1,5,2,0,203,0,1,2,2,1,2,2,44,60,1,1,130000000.0,277000000.0,0.4693140794223827,2.1307692307692307,40.0
294,0,4,1,14,1,4,2,0,132,3,1,3,2,1,3,3,40,18,1,3,42000000.0,90000000.0,0.4666666666666667,2.142857142857143,46.91
301,0,4,17,12,1,5,2,0,57,0,1,0,2,1,4,3,57,36,1,3,288000000.0,1118000000.0,0.25760286225402507,3.8819444444444446,50.0
3,1,4,14,9,2,1,3,0,105,1,1,1,1,1,1,2,54,12,2,0,65000000.0,238000000.0,0.27310924369747897,3.6615384615384614,42.0
303,1,0,26,12,2,5,2,0,94,0,1,5,0,1,4,1,61,48,1,0,215000000.0,494100000.0,0.4351345881400526,2.298139534883721,35.0
4,1,4,21,14,1,2,3,0,59,0,1,2,2,1,1,2,28,24,1,1,11000000.0,22000000.0,0.5,2.0,42.38
304,0,4,14,0,2,5,2,0,138,6,0,1,8,1,4,1,54,36,1,5,100000000.0,288000000.0,0.3472222222222222,2.88,30.0
305,1,4,17,12,1,5,2,0,153,3,1,1,4,1,4,1,57,60,1,2,275000000.0,689000000.0,0.3991291727140784,2.5054545454545454,37.0
306,0,4,12,12,1,5,2,0,94,0,1,3,0,1,4,3,46,36,1,3,60000000.0,177000000.0,0.3389830508474576,2.95,18.0
307,1,4,17,14,1,5,5,0,148,3,0,1,2,1,3,1,55,11,1,1,24000000.0,160506000.0,0.14952712048147732,6.68775,45.72
310,0,4,21,12,1,5,2,0,208,0,0,2,2,1,3,1,41,60,1,3,135000000.0,297000000.0,0.45454545454545453,2.2,45.0
311,0,4,1,0,2,5,2,0,237,2,1,1,2,1,5,3,40,60,1,3,100000000.0,207000000.0,0.4830917874396135,2.07,36.0
312,0,4,21,0,2,5,2,0,237,3,1,5,2,1,5,3,25,36,1,1,340000000.0,698000000.0,0.4871060171919771,2.052941176470588,37.0
314,1,0,12,0,2,5,2,0,2,0,2,2,2,1,2,1,22,36,1,0,70000000.0,308000000.0,0.22727272727272727,4.4,38.0
315,1,4,1,14,1,5,2,0,134,0,1,2,4,1,3,3,51,48,1,0,133000000.0,700000000.0,0.19,5.2631578947368425,65.07
316,1,4,20,12,1,5,2,0,144,0,1,2,0,1,4,3,44,36,1,4,300000000.0,1171000000.0,0.2561912894961571,3.9033333333333333,28.0
317,1,4,1,12,1,5,2,0,94,0,1,2,0,1,3,1,38,60,1,2,90000000.0,380000000.0,0.23684210526315788,4.222222222222222,50.0
318,0,4,18,12,1,5,2,0,22,0,0,1,2,1,4,3,49,60,1,3,255000000.0,1098000000.0,0.23224043715846995,4.305882352941176,50.0
320,0,4,1,12,1,5,2,0,125,0,1,5,2,1,3,2,39,60,1,3,50000000.0,225000000.0,0.2222222222222222,4.5,24.0
27,0,4,17,14,1,2,3,0,160,0,1,2,2,1,1,5,67,4,2,1,5000000.0,39500000.0,0.12658227848101267,7.9,29.59
321,0,4,17,12,1,5,2,0,34,0,0,0,2,1,3,3,44,60,1,4,130000000.0,294000000.0,0.4421768707482993,2.2615384615384615,45.0
322,0,4,19,12,1,5,2,0,94,0,0,1,4,1,4,2,31,24,1,1,192000000.0,384000000.0,0.5,2.0,33.0
323,1,1,20,0,2,0,2,0,56,0,1,2,2,1,5,4,36,36,1,0,190000000.0,380000000.0,0.5,2.0,10.0
325,1,3,18,12,1,5,2,0,94,0,1,1,4,1,4,1,37,60,1,1,150000000.0,305000000.0,0.4918032786885246,2.033333333333333,41.0
324,1,0,21,12,1,5,2,0,94,0,7,2,0,1,3,1,31,60,1,1,135000000.0,889000000.0,0.15185601799775028,6.5851851851851855,49.0
326,0,4,1,12,1,5,2,0,94,0,1,2,9,1,4,3,39,48,1,3,175000000.0,356000000.0,0.49157303370786515,2.0342857142857143,19.0
327,0,4,1,12,1,5,2,0,192,0,1,3,6,1,3,3,43,36,1,7,50000000.0,202000000.0,0.24752475247524752,4.04,25.0
328,0,4,12,14,1,5,5,0,228,3,0,2,9,1,1,1,48,60,1,4,170000000.0,691800000.0,0.2457357617808615,4.069411764705882,29.1
329,0,4,15,12,1,5,2,0,187,0,1,0,5,1,4,3,28,60,1,3,109000000.0,204000000.0,0.5343137254901961,1.871559633027523,39.0
330,0,4,0,12,1,5,2,0,122,0,1,2,8,1,2,1,37,60,1,3,100000000.0,440000000.0,0.22727272727272727,4.4,46.0
331,0,4,26,12,1,5,2,0,205,0,0,1,4,1,3,3,51,60,1,2,110000000.0,329000000.0,0.3343465045592705,2.9909090909090907,38.0
173,0,4,21,13,1,7,2,0,96,0,0,3,4,1,1,1,49,24,2,2,25873844.0,137780000.0,0.18779100014515895,5.3250688223984035,29.87
283,1,0,1,6,2,2,3,0,237,3,1,5,2,1,1,1,25,12,1,0,6000000.0,9013333.0,0.6656804979911427,1.5022221666666666,15.19
121,0,4,1,6,2,2,3,0,232,3,1,2,0,1,1,1,60,12,2,1,15000000.0,24500000.0,0.6122448979591837,1.6333333333333333,57.35
292,0,4,1,6,2,5,2,0,237,3,1,2,4,1,2,1,55,60,1,3,300000000.0,1308000000.0,0.22935779816513763,4.36,52.43
199,0,4,1,6,2,5,5,0,237,3,6,2,4,2,1,1,55,36,2,2,13000000.0,46500000.0,0.27956989247311825,3.576923076923077,29.74
144,1,4,1,6,2,5,5,0,230,3,1,1,0,1,1,1,46,36,2,3,13000000.0,65000000.0,0.2,5.0,18.13
308,0,4,1,14,1,5,5,0,16,0,1,2,2,1,1,1,38,36,1,0,12000000.0,58000000.0,0.20689655172413793,4.833333333333333,47.79
333,1,4,1,4,2,5,2,0,59,0,1,5,3,1,1,1,30,36,1,3,50000000.0,180500000.0,0.2770083102493075,3.61,29.77
113,1,4,1,6,2,2,3,0,218,3,1,2,0,1,1,1,45,24,2,2,15000000.0,24000000.0,0.625,1.6,21.26
52,0,4,21,14,1,5,2,0,94,0,1,2,6,1,1,3,49,60,2,2,800000000.0,1379000000.0,0.580130529369108,1.72375,46.03
361,1,4,11,11,0,5,2,0,58,0,1,5,9,1,1,1,42,42,2,3,130000000.0,566050000.0,0.22966169066336897,4.354230769230769,45.27
370,0,4,11,4,2,5,2,0,234,6,7,1,6,1,1,1,31,36,1,3,100000000.0,262000000.0,0.3816793893129771,2.62,31.98
332,0,4,21,8,2,2,1,0,86,6,1,2,6,1,2,3,58,6,1,2,120000000.0,190000000.0,0.631578947368421,1.5833333333333333,35.08
334,0,0,0,12,1,5,2,0,46,0,0,2,8,1,4,3,29,48,1,3,100000000.0,439000000.0,0.22779043280182232,4.39,50.0
335,1,0,1,12,1,5,2,0,3,0,0,2,4,1,1,1,22,36,1,0,50000000.0,236000000.0,0.211864406779661,4.72,42.0
337,0,4,0,0,2,5,2,0,241,2,1,2,8,1,4,2,47,36,1,4,125000000.0,4630000000.0,0.026997840172786176,37.04,43.0
341,1,4,21,14,1,5,2,0,74,0,1,2,9,1,2,4,39,48,2,2,100000000.0,545796000.0,0.18321863846565384,5.45796,40.99
339,1,0,17,14,1,2,3,0,243,0,2,2,8,1,1,1,23,6,1,0,6000000.0,11000000.0,0.5454545454545454,1.8333333333333333,37.14
345,0,4,0,14,1,5,2,0,33,6,1,2,8,1,4,3,49,60,1,4,1000000000.0,2588300000.0,0.38635397751419853,2.5883,62.43
27,0,4,17,14,1,2,3,0,160,0,6,2,2,1,1,5,67,4,3,1,5000000.0,37000000.0,0.13513513513513514,7.4,29.59
350,1,3,21,14,1,5,4,0,94,0,5,3,8,1,2,3,52,30,1,2,140000000.0,330000000.0,0.42424242424242425,2.357142857142857,51.68
353,1,3,14,0,2,3,4,0,151,6,5,0,4,1,3,3,52,60,1,3,130000000.0,1993000000.0,0.06522829904666332,15.330769230769231,37.0
354,0,4,4,12,1,5,2,0,235,0,0,2,4,1,1,3,33,60,1,3,75000000.0,640000000.0,0.1171875,8.533333333333333,47.0
358,0,4,12,0,2,5,2,0,5,0,0,3,8,1,2,1,51,48,1,3,120000000.0,244000000.0,0.4918032786885246,2.033333333333333,50.0
357,0,4,18,12,1,5,2,0,126,0,1,2,2,1,4,4,40,60,1,3,105000000.0,273000000.0,0.38461538461538464,2.6,19.0
356,0,4,0,12,1,3,4,0,46,0,0,2,4,1,2,2,35,60,1,2,110000000.0,281000000.0,0.3914590747330961,2.5545454545454547,49.0
355,0,4,1,12,1,5,2,0,94,0,1,2,8,1,4,2,47,60,1,0,200000000.0,479000000.0,0.4175365344467641,2.395,49.0
360,0,4,17,12,1,5,2,0,168,0,1,3,4,1,3,3,45,60,1,4,120000000.0,346000000.0,0.3468208092485549,2.8833333333333333,43.0
362,1,4,0,0,2,5,2,0,94,0,1,2,9,1,1,3,40,60,1,1,100000000.0,410000000.0,0.24390243902439024,4.1,39.0
364,0,0,25,12,1,5,2,0,193,0,2,3,4,1,3,3,30,60,1,1,150000000.0,525000000.0,0.2857142857142857,3.5,49.0
231,0,4,26,14,1,0,2,0,174,6,6,2,8,1,5,3,62,48,3,1,210000000.0,1841000000.0,0.11406844106463879,8.766666666666667,77.08
366,0,4,4,0,1,5,2,0,118,0,3,3,2,1,4,2,34,60,1,1,140000000.0,427000000.0,0.32786885245901637,3.05,50.0
365,0,0,1,12,1,5,2,0,177,0,2,2,6,1,4,3,26,48,1,1,240000000.0,896000000.0,0.26785714285714285,3.7333333333333334,50.0
369,0,4,0,12,1,5,2,0,94,0,7,3,1,1,4,1,43,60,1,0,190000000.0,1178000000.0,0.16129032258064516,6.2,49.78
367,0,4,26,12,1,5,2,0,65,0,0,2,8,1,3,3,39,60,1,3,125000000.0,447000000.0,0.2796420581655481,3.576,43.0
371,0,4,17,12,1,5,2,0,191,0,1,3,8,1,2,1,43,60,1,3,115000000.0,506000000.0,0.22727272727272727,4.4,49.0
376,1,4,14,12,1,5,2,0,11,0,1,3,8,1,5,3,41,60,1,1,250000000.0,502000000.0,0.49800796812749004,2.008,50.0
34,1,4,17,6,2,2,1,0,218,3,1,2,9,1,1,1,42,36,1,3,60000000.0,132000000.0,0.45454545454545453,2.2,54.43
380,1,4,17,4,2,5,2,0,70,0,1,1,0,1,1,1,45,36,1,2,40000000.0,191484000.0,0.20889473794155125,4.7871,29.44
385,1,3,17,14,1,5,2,0,70,0,5,2,0,1,1,1,48,36,1,2,30000000.0,185166000.0,0.16201678493891966,6.1722,33.41
234,1,4,17,14,1,2,1,0,33,3,4,2,8,1,3,3,29,84,2,0,330000000.0,1828500000.0,0.1804757998359311,5.540909090909091,63.45
400,0,4,25,12,1,5,2,0,164,0,1,3,2,1,3,3,40,60,1,3,120000000.0,321000000.0,0.37383177570093457,2.675,39.2
